<?xml version="1.0" encoding="UTF-8"?>
<project-private xmlns="http://www.netbeans.org/ns/project-private/1">
    <editor-bookmarks xmlns="http://www.netbeans.org/ns/editor-bookmarks/2" lastBookmarkId="0"/>
    <open-files xmlns="http://www.netbeans.org/ns/projectui-open-files/2">
        <group>
            <file>file:/C:/Users/rachm/OneDrive/Escritorio/New%20folder/Practica8/src/java/Control/Contacto.java</file>
            <file>file:/C:/Users/rachm/OneDrive/Escritorio/New%20folder/Practica8/web/index.html</file>
        </group>
    </open-files>
</project-private>
