<?xml version="1.0" encoding="UTF-8"?>
<project-private xmlns="http://www.netbeans.org/ns/project-private/1">
    <editor-bookmarks xmlns="http://www.netbeans.org/ns/editor-bookmarks/2" lastBookmarkId="0"/>
    <open-files xmlns="http://www.netbeans.org/ns/projectui-open-files/2">
        <group>
            <file>file:/C:/Users/rachm/OneDrive/Escritorio/New%20folder/Practica7/src/Personas/Programador.java</file>
            <file>file:/C:/Users/rachm/OneDrive/Escritorio/New%20folder/Practica7/src/Personas/Persona.java</file>
            <file>file:/C:/Users/rachm/OneDrive/Escritorio/New%20folder/Practica7/src/Personas/Corredor.java</file>
            <file>file:/C:/Users/rachm/OneDrive/Escritorio/New%20folder/Practica7/src/practica7/RunPractica7.java</file>
            <file>file:/C:/Users/rachm/OneDrive/Escritorio/New%20folder/Practica7/src/Personas/Alumno.java</file>
        </group>
    </open-files>
</project-private>
