<?xml version="1.0" encoding="UTF-8"?>
<project-private xmlns="http://www.netbeans.org/ns/project-private/1">
    <editor-bookmarks xmlns="http://www.netbeans.org/ns/editor-bookmarks/2" lastBookmarkId="0"/>
    <open-files xmlns="http://www.netbeans.org/ns/projectui-open-files/2">
        <group>
            <file>file:/C:/Users/rachm/OneDrive/Escritorio/New%20folder/Practica3/src/Transporte/TransporteAereo.java</file>
            <file>file:/C:/Users/rachm/OneDrive/Escritorio/New%20folder/Practica3/src/Transporte/Barco.java</file>
            <file>file:/C:/Users/rachm/OneDrive/Escritorio/New%20folder/Practica3/src/Transporte/TransporteMaritimo.java</file>
            <file>file:/C:/Users/rachm/OneDrive/Escritorio/New%20folder/Practica3/src/Transporte/TransporteTerrestre.java</file>
            <file>file:/C:/Users/rachm/OneDrive/Escritorio/New%20folder/Practica3/src/Transporte/Transporte.java</file>
            <file>file:/C:/Users/rachm/OneDrive/Escritorio/New%20folder/Practica3/src/Transporte/Avion.java</file>
            <file>file:/C:/Users/rachm/OneDrive/Escritorio/New%20folder/Practica3/src/Practica3/Insert.java</file>
            <file>file:/C:/Users/rachm/OneDrive/Escritorio/New%20folder/Practica3/src/Transporte/Automovil.java</file>
            <file>file:/C:/Users/rachm/OneDrive/Escritorio/New%20folder/Practica3/src/Practica3/RunPractica3.java</file>
        </group>
    </open-files>
</project-private>
